report_type,period_start,period_end,title,news_count,status,source_name,created_at,content
daily,2026-09-05,2026-09-05,Ежедневный бриф 2026-09-05,27,ready,Общая лента,35 мин. назад,"Период: 5 сентября 2026 г.

1. «Газпром-Медиа» прогнозирует переход до 75% ТВ-контента в цифровую среду к 2028–2029 гг. — стратегический сигнал для развития OTT-направления и адаптации продуктов под интернет-дистрибуцию.
2. С 1 сентября 2026 г. введена единая лицензия на услуги связи по передаче данных (отменена отдельная голосовая лицензия) — упрощение регулирования для операторов, клиентов и партнеров GS Labs.
3. Минцифры прорабатывает институт аварийного оператора связи — новая модель может изменить требования к резервированию и отказоустойчивости телеком-инфраструктуры, включая системы условного доступа.
4. Отменяется лицензирование передачи голоса в составе данных, но реформа лицензирования несет риски для малых операторов в новых регионах — это может ускорить консолидацию клиентской базы и создать спрос на миграцию/интеграцию ПО.
5. Число телеком-компаний в России за семь лет сократилось почти на треть из-за регуляторной нагрузки — рынок операторов сужается, необходимо усиливать работу с крупными федеральными игроками.
6. Операторы ЦОД пересматривают системы безопасности после указа №604 о КИИ — ужесточение требований защищенности инфраструктуры повышает значимость сертифицированных решений DRM/CAS для критических объектов.
7. Инвестиции российских ИТ-компаний в развитие в 2025 г. снизились на 37% (до 360 млрд руб.) — общее ухудшение финансовой среды, влияющее на бюджеты заказчиков на новые разработки и модернизацию ПО.
8. ГКРЧ выделила частоты четырём операторам для 5G с обязательством перехода на отечественное оборудование к 2031 г. — открываются новые сценарии доставки контента и требования к совместимости CAS/DRM с 5G-сетями.
9. Дистрибьютор аниме Deep запускает собственный онлайн-кинотеатр — рынок OTT пополняется новым игроком, усиливается конкуренция за контентные платформы и технологических партнеров.
10. По данным Mediascope, молодые зрители (12–24 лет) тратят на ТВ лишь 1 ч в день против 5,5 ч в интернете — подтверждается долгосрочный сдвиг аудитории в цифровые среды, что укрепляет целесообраз"
daily,2026-09-04,2026-09-04,Ежедневный бриф 2026-09-04,9,ready,Общая лента,8 мин. назад,"# Executive brief GS Labs — 2026-09-04

Период: 2026-09-04  
Материалов в выборке после фильтра: 9. Ниже приведены все 9 отобранных событий.

1. Минцифры предложило реформу лицензирования операторов связи: вместо 17 видов лицензий — три категории с платежами 1–10 млн руб. и ужесточением требований; под риском 4,6 тыс. малых операторов, что меняет ландшафт телеком-рынка.
2. Отраслевые ассоциации (включая АРПП) на пресс-конференции 3 сентября предупредили, что реформа лицензирования ударит по малым операторам и отечественному ПО, что важно для вендоров с госзаказчиками и операторскими решениями.
3. ИТ-ассоциации публично выступили против реформы Минцифры, сокращающей число лицензий в отрасли связи; речь идет в том числе о росте отчислений в РУО и дополнительной нагрузке на участников рынка.
4. ФСБ ужесточила требования к криптографической защите: правила распространены на внешние сервисы, обеспечивающие работу государственных информсистем, — актуально для продуктов с шифрованием и работой с ГИС.
5. Эксперты отметили, что импортозамещение за четыре года стало для бизнеса и госсектора синонимом значительных затрат; заказчики ждут от отечественных ИТ-разработчиков модернизации инфраструктуры, а не простой замены ПО.
6. Организа"
daily,2026-09-03,2026-09-03,Ежедневный бриф 2026-09-03,11,ready,Общая лента,7 мин. назад,"# Executive brief — GS Labs

**Период: 2026-09-03**

1. Ассоциации операторов на пресс-конференции 3 сентября предупредили: реформа телеком-отрасли может привести к отключению пользователей платного ТВ и пересмотру модели рынка.
2. Малые региональные операторы рискуют исчезнуть в 27 субъектах РФ в результате реформы связи — это изменит каналы дистрибуции платного ТВ и OTT-сервисов.
3. Фонд содействия инновациям опубликовал план-график конкурсов на сентябрь 2026 года, включая «Старт-Мед» и «Старт-Пром» с грантами до 5 млн руб., — актуальное окно поддержки R&D.
4. ЦИПР стал партнером премии «Хрустальный ёж» для ИТ-директоров; награждение пройдет 23–25 сентября — площадка для B2B-контактов.
5. Yandex B2B Tech представила частное облако Yandex BareMetal Extend на выделенных серверах — возможная инфраструктурная альтернатива для развертывания ТВ/OTT-платформ.
6. Опрос MWS Cloud: почти половина российских компаний планируют увеличить потребление облачных и ИИ-сервисов, что подтверждает рост облачного рынка и спрос на OTT-решения.
7. Исследование SBA показало риск мошенничества через API-ключи у компаний, внедряющих ИИ, — критично для безопасности OTT/DRM-инфраструктуры.
8. Шесть крупнейших стриминговых сервисов заказали 70 новых сериалов в Азиатско-Тихоокеанском регионе, который обогнал Северную Америку и Европу, — сигнал о смещении мирового рынка контента в АТР.
9. Холдинг «Первый ТВЧ» анонсировал новые сезоны и премьеры сентября на своих телеканалах, включая «Арсенал», — расширение контентного портфеля для операторов платного ТВ.
10. «ИКС Холдинг» инвестирует 35 млрд руб. в полупроводниковое производство в Приморье до 2030 года для связи и космоса — шаг к локализации компонентной базы и снижению зависимости от импорта микроэлектроники."
daily,2026-09-02,2026-09-02,Ежедневный бриф 2026-09-02,7,ready,Общая лента,7 мин. назад,"# Executive Brief для GS Labs (ООО «Цифра»)

**Период: 2026-09-02**

*В выборке всего 7 релевантных событий, ниже перечислены все значимые пункты.*

1. Минцифры подготовило проект постановления, закрепляющего правила выдачи национальных сертификатов для подписи программного кода — прямо влияет на практики подписи и доверия в CAS/DRM-решениях.

2. Анализ 100 приговоров по ст. 274.1 УК РФ показал, что в КИИ чаще всего нарушают сотрудники организаций связи; это сигнал об усилении правоприменения и росте требований к защите инфраструктуры в отрасли заказчиков GS Labs.

3. Международный форум Kazan Digital Week 2026 пройдёт в Казани 29–31 октября — возможная площадка для демонстрации продуктов ТВ/OTT и контактов с госсектором.

4. АНО «Цифровая экономика» предложила Минцифры ввести налоговые льготы для разработчиков отечественных ИИ-моделей — при принятии снизит стоимость разработки и внедрения ИИ-функций в OTT и ТВ-платформах.

5. ГКРЧ разрешила запуск 5G на частотах LTE, новые сети появятся к 2028 году — открывает перспективы для OTT-доставки контента и развития сервисов с низкой задержкой.

6. Указ президента о защите КИИ обязал операторов дата-центров подтвердить наличие систем предотвращения инцидентов — ужесточение требований к инфраструктуре влияет на условия размещения и сертификации DRM/OTT-сервисов.

7. Минцифры обсуждает наделение ИИ-ассистента «Алиса AI» расширенными правами при предустановке на ввозимые устройства — изменение правил предустановки может повлиять на рынок ТВ-приставок и предустановленного ПО."
daily,2026-09-01,2026-09-01,Ежедневный бриф 2026-09-01,11,ready,Общая лента,6 мин. назад,"# Executive Brief — 01.09.2026

1. Минцифры вынесло на общественное обсуждение проект приказа, устанавливающий правила выдачи российских сертификатов для подписи кода — напрямую затронет процессы сборки и доверенного распространения ПО.
2. С 1 сентября частично вступил в силу закон об ИИ, закрепляющий меры поддержки и регулирования разработок в этой сфере.
3. ЦПИИ продолжает приём заявок на гранты «Доращивания» для импортозамещающих технологических компаний — возможный источник финансирования профильных продуктов.
4. Telesputnik фиксирует рост онлайн-кинотеатров при сохранении роли линейного ТВ — подтверждается тренд гибридного потребления, значимый для OTT-стратегии.
5. Число телеком-компаний в России за год сократилось на 6% из-за ужесточения регулирования и роста госпошлин — продолжается консолидация рынка операторов.
6. С 1 января 2027 года крупных мобильных операторов обяжут совместно использовать базовые станции LTE в малых населённых пунктах.
7. ИТ-холдинг Т1 прогнозирует ускорение роста российского ИТ-рынка с 4% в 2026 году до 10% в 2028-м.
8. С 1 сентября вступили в силу законы о переносимости номеров в другой регион и о цифровом рубле; для операторов и OTT-сервисов это означает новые требования к биллингу и идентификации.
9. Rutube анонсировал запуск монетизации шортсов с рекламными выплатами авторам — усиливается конкуренция в коротком видео.
10. «Триколор» с 1 сентября перенёс просветительский канал «Знание» на 43-ю кнопку и начал новый телесезон — изменения в линейном вещании крупного оператора."
daily,2026-08-31,2026-08-31,Ежедневный бриф 2026-08-31,11,ready,Общая лента,5 мин. назад,"# Executive Brief — GS Labs (ООО «Цифра»)

**Период:** 31 августа 2026 г.

1. ГКРЧ выделила операторам частоты для 5G; «Билайн», «Мегафон», МТС и Т2 готовы к коммерческому запуску сетей пятого поколения.
2. Минцифры утвердило условия запуска 5G на частотах LTE и в диапазоне 4,63–4,99 ГГц; операторы смогут использовать действующее оборудование, что ускорит развёртывание сетей.
3. ГКРЧ также утвердила поэтапный переход на отечественное оборудование для 5G — это создаёт спрос на российские решения для сетей и связанных сервисов.
4. GS Nanotech (входит в GS Group) локализовала производство DDR5-модулей в России; продукция набрала рекордные 53 балла по требованиям Минпромторга.
5. GlobalSign отзывает SSL-сертификаты у российских компаний; сайты переходят на сертификаты НУЦ Минцифры, но браузеры им не доверяют — риски для цифровых сервисов и доверия пользователей.
6. Исполнительный директор АРПП «Отечественный софт» Ренат Лашин призвал сохранить налоговые льготы для ИТ-отрасли как основу инвестиционного ресурса.
7. Российские онлайн-кинотеатры переходят от эксклюзивных каталогов к партнёрским витринам и совместным проектам; гендиректор Start называет партнёрскую подписку основным драйвером рынка.
8. АРПЭ проводит опрос инвестиционных потребностей компаний-членов для взаимодействия с фондами; также опубликован проект изменений в ПП 719, упрощающий требования к оптоволокну.
9. Стратегия рынка ЦОД и облачных сервисов: прогноз роста с 225 млрд руб. в 2025 году до 737 млрд руб. в 2030 году — расширение рынка создаёт окно для ИТ-продуктов.
10. АРПЭ анонсировала мероприятия по чиплетным платформам и доверенным ПАК на форуме «Микроэлектроника 2026» — релевантно для развития аппаратных решений и импортозамещения."
weekly,2026-08-30,2026-09-06,Еженедельный бриф 2026-08-30 — 2026-09-06,40,ready,Общая лента,35 мин. назад,"---

1. **Реформа лицензирования операторов связи становится главной угрозой рынка.** Минцифры предлагает заменить 17 видов лицензий на три категории с ежегодными взносами от 1 до 10 млн руб.; отраслевые ассоциации («Ростелесеть» и др.) предупреждают, что это приведёт к уходу малых операторов из 27 регионов и ударит по рынку платного ТВ. **Действие:** необходимо мониторить финальную версию законопроекта и оценить риски для клиентской базы в регионах.

2. **Минцифры вынесло на обсуждение правила выдачи российских сертификатов подписи кода.** Проект приказа вводит 10 типов сертификатов безопасности НУЦ и закрепляет порядок их выпуска с 1 марта 2027 года — это напрямую влияет на схему доверия к дистрибуции ПО и обновлениям для CAS/DRM-решений. **Действие:** проработать план перехода продуктов GS Labs на сертификаты НУЦ.

3. **ФСБ расширила требования по криптозащите на внешние сервисы, обеспечивающие работу госсистем.** Теперь правила покрывают не только ГИС, но и внешние компоненты, что может затронуть интеграционные проекты с госсектором и требования к шифрованию в наших решениях. **Действие:** запросить у ФСБ/Минцифры разъяснения и провести аудит текущих внедрений.

4. **GlobalSign отзывает SSL-сертификаты у российских компаний; переход на НУЦ затруднён из-за недоверия браузеров.** Проблема уже затронула сайты банков и контрагентов — для OTT-платформ это риск деградации клиентского опыта и вопрос совместимости с точками выдачи контента. **Действие:** мониторить политику браузеров и предусмотреть запасные схемы TLS.

5. **Число телеком-компаний в России за семь лет сократилось на треть из-за регуляторной нагрузки.** По данным Rusprofile и Минцифры, на рынке осталось менее 10,7 тыс. операторов; ведомство называет процесс «оздоровлением», участники — консолидацией. **Действие:** учитывать тренд при прогнозировании спроса со стороны малых и средних операторов.

6. **Инвестиции российских ИТ-компаний упали на 37% — до 360 млрд руб. в 2025 году.** «Руссофт» фиксирует спад; АРПП «Отечественный софт» призывает сохранить налоговые льготы как основу инвестиционного ресурса отрасли. **Действие:** использовать данные в GR-коммуникациях для защиты льгот для ИТ-компаний и акселерации продаж.

7. **Александр Жаров («Газпром-Медиа») прогнозирует переход 75% ТВ-контента в цифровую среду к 2028–2029 гг.** Это подтверждает стратегический вектор на OTT-дистрибуцию и гибридные модели доставки контента. **Действие:** синхронизировать дорожную карту продуктовых решений для OTT/CTV с прогнозом рынка.

8. **Анализ 100 приговоров по ст. 274.1 УК РФ показал: чаще всего в КИИ нарушают сотрудники организаций связи.** Судебная практика демонстрирует рост ответственности за инциденты в КИИ у наших прямых заказчиков — операторов связи. **Действие:** актуализировать маркетинговые материалы о снижении рисков КИИ при использовании наших систем.

9. **ГКРЧ выделила операторам частоты для 5G; коммерческий запуск ожидается до 2027–2028 гг.** Новый стандарт открывает возможности для OTT/видеосервисов, но не приведёт к мгновенному росту скоростей. **Действие:** включить пункт о готовности решений к 5G в переговорные материалы с операторами.

10. **Российские онлайн-кинотеатры переходят от эксклюзивных каталогов к партнёрским витринам и совместным проектам.** Участники рынка (Start, ИВИ, Кинопоиск и др.) называют партнёрскую подписку основным драйвером — это меняет требования к биллингу и управлению подписками на OTT-платформах. **Действие:** оценить необходимость функциональной поддержки партнёрских витрин в наших OTT-решениях."
